Sector,Market Weight
Industrials,18.309096806130285
Health Care,15.043870670578796
Financials,12.698090606540385
Materials,11.138713183241352
Communication Services,10.630481052879997
Consumer Discretionary,8.591186902131184
Consumer Staples,6.929750913187046
Information Technology,5.5836320446106935
Utilities,4.4638688564477755
Energy,4.07060722791299
Real Estate,2.540701736339494
